k,silhouette,dbi,intra_inter_ratio
3,0.8411675095558167,0.5146004094459863,2.3118717581521553
4,0.760390043258667,0.5675834718573671,2.2024521382499778
5,0.7542548775672913,0.6314377795341073,0.667961895428107
6,0.7519149780273438,0.6387841829791849,0.6376842775776838
7,0.706972599029541,0.7200044476558538,0.6268556243867878
8,0.7082696557044983,0.7194476072989069,0.368532594154047
10,0.6565696001052856,0.7238913929689612,0.3648286144297643
