k,silhouette,dbi,intra_inter_ratio
5,0.7635198831558228,0.5554123128716976,0.4207335002991189
