{
  "model": "dual_graph_lstm",
  "n_cells": 508,
  "best_k": 5,
  "best_intra_inter": 0.4207335002991189,
  "silhouette_at_best_k": 0.7635198831558228,
  "dbi_at_best_k": 0.5554123128716976,
  "spearman_profile_rho": -0.3115415412252039,
  "spearman_profile_pval": 0.0
}