k,silhouette,dbi,intra_inter_ratio
3,0.8137335181236267,0.5274011858800591,2.652031175032773
4,0.7534414529800415,0.5846007993640785,1.3066712162716783
5,0.7406041026115417,0.5881735322583955,0.7949780151220309
6,0.7145103216171265,0.7155549950682859,0.7339464187060993
7,0.6970533132553101,0.7681049049009542,0.4468641440923657
8,0.7008503675460815,0.7328496111659397,0.44422914307398564
10,0.6772472262382507,0.7092785981605413,0.4207970487297633
