k,silhouette,dbi,intra_inter_ratio
5,0.7865738868713379,0.4519849291904463,0.7657677898516972
