{
  "model": "dual_graph_temporal_attention",
  "n_cells": 642,
  "best_k": 5,
  "best_intra_inter": 0.7657677898516972,
  "silhouette_at_best_k": 0.7865738868713379,
  "dbi_at_best_k": 0.4519849291904463,
  "spearman_profile_rho": 0.07100394589440526,
  "spearman_profile_pval": 3.687274674547801e-123
}