k,silhouette,dbi,intra_inter_ratio
5,0.0828975960612297,2.481564301679757,1.2541888880844936
