k,silhouette,dbi,intra_inter_ratio
3,0.11234497278928757,2.5834863487404007,2.2737808047944204
4,0.09961477667093277,2.6709749099172804,3.8990673321503806
5,0.08140722662210464,2.479889636512362,1.2536269180043105
6,0.08408249914646149,2.6932729624094525,0.9916067018460281
7,0.06876665353775024,2.6800438466432053,1.108536580777927
8,0.08858443796634674,2.546015717471664,1.207522943006814
10,0.07345374673604965,2.793164207449446,0.863288950946658
