k,silhouette,dbi,intra_inter_ratio
3,0.7757167220115662,0.4335571577886757,7.4370248828298875
4,0.7586247324943542,0.527371814380309,3.121831415304717
5,0.6624926924705505,0.6092652326460702,3.0794934230238478
6,0.6525881886482239,0.6992023368825747,0.891870364209249
7,0.6345095038414001,0.7039878262730553,0.8471740800330191
8,0.6426466107368469,0.7421494549470002,0.8825235099034677
10,0.6137970089912415,0.7494036613248395,0.4392084933175123
