k,silhouette,dbi,intra_inter_ratio
5,0.7702877521514893,0.4679288063717637,0.7665809590120045
