{
  "model": "dual_graph_lstm",
  "n_cells": 642,
  "best_k": 5,
  "best_intra_inter": 0.7665809590120045,
  "silhouette_at_best_k": 0.7702877521514893,
  "dbi_at_best_k": 0.4679288063717637,
  "spearman_profile_rho": 0.06561257439106498,
  "spearman_profile_pval": 2.0468654750990864e-105
}