{
  "model": "dual_graph_lstm",
  "n_cells": 642,
  "best_k": 3,
  "best_intra_inter": 7.4370248828298875,
  "silhouette_at_best_k": 0.7757167220115662,
  "dbi_at_best_k": 0.4335571577886757,
  "spearman_profile_rho": 0.03859703527394576,
  "spearman_profile_pval": 1.2947008174746064e-37
}