k,silhouette,dbi,intra_inter_ratio
5,0.7066994309425354,0.741346657022659,0.8661121224347181
