{
  "model": "gcn",
  "n_cells": 642,
  "best_k": 5,
  "best_intra_inter": 0.8661121224347181,
  "silhouette_at_best_k": 0.7066994309425354,
  "dbi_at_best_k": 0.741346657022659,
  "spearman_profile_rho": 0.15046883208132883,
  "spearman_profile_pval": 0.0
}