{
  "model": "gcn",
  "n_cells": 642,
  "best_k": 3,
  "best_intra_inter": 1.2781001084036385,
  "silhouette_at_best_k": 0.8039435744285583,
  "dbi_at_best_k": 0.8866566473683658,
  "spearman_profile_rho": 0.15558505836914457,
  "spearman_profile_pval": 0.0
}