k,silhouette,dbi,intra_inter_ratio
5,0.6067180037498474,0.7916090506302413,2.180808499287753
