{
  "model": "dual_graph",
  "n_cells": 508,
  "best_k": 5,
  "best_intra_inter": 2.180808499287753,
  "silhouette_at_best_k": 0.6067180037498474,
  "dbi_at_best_k": 0.7916090506302413,
  "spearman_profile_rho": -0.06858294601568306,
  "spearman_profile_pval": 3.3471361799780136e-76
}