{
  "model": "trip2vec",
  "n_cells": 642,
  "best_k": 5,
  "best_silhouette": 0.18787163496017456,
  "best_dbi": 1.7763351150790612,
  "best_intra_inter": 4.47296042574874,
  "spearman_rho": -0.09936152195500418,
  "spearman_pval": 0.0
}