k,silhouette,dbi,intra_inter_ratio
5,0.7056362628936768,0.6897672940531209,7.24433073216494
