{
  "model": "dual_graph",
  "n_cells": 642,
  "best_k": 5,
  "best_intra_inter": 7.24433073216494,
  "silhouette_at_best_k": 0.7056362628936768,
  "dbi_at_best_k": 0.6897672940531209,
  "spearman_profile_rho": 0.11645483086994404,
  "spearman_profile_pval": 0.0
}