{
  "model": "dual_graph",
  "n_cells": 642,
  "best_k": 3,
  "best_intra_inter": 11.14952366588744,
  "silhouette_at_best_k": 0.7102325558662415,
  "dbi_at_best_k": 0.5034090846065655,
  "spearman_profile_rho": 0.1667741155795655,
  "spearman_profile_pval": 0.0
}