k,silhouette,dbi,intra_inter_ratio
5,0.697228729724884,0.526558241633013,0.7909701828779226
