k,silhouette,dbi,intra_inter_ratio
3,0.7664403319358826,0.5088747411262309,1.2646086710574165
4,0.7129437327384949,0.5116453375501921,0.9268610483685208
5,0.6839940547943115,0.5141058160522162,0.7958019730918715
6,0.6894598603248596,0.5103409446641717,0.40807307826620004
7,0.644178569316864,0.5181969892365531,0.405929069901617
8,0.6443032026290894,0.4647341448581386,0.28924425960260025
10,0.6389997601509094,0.4957208841807531,0.22025765126724625
