{
  "model": "gcn",
  "n_cells": 508,
  "best_k": 5,
  "best_intra_inter": 0.7909701828779226,
  "silhouette_at_best_k": 0.697228729724884,
  "dbi_at_best_k": 0.526558241633013,
  "spearman_profile_rho": -0.03772644156305004,
  "spearman_profile_pval": 3.1842793902761883e-24
}