k,silhouette,dbi,intra_inter_ratio
3,0.8232423663139343,0.5791114458971097,2.31847719743911
4,0.7462692260742188,0.6720288958414627,1.2110606899264877
5,0.741081178188324,0.6873875751466093,0.7920464636015965
6,0.7439669370651245,0.6753763120908988,0.7915482882151588
7,0.7191450595855713,0.7017386103570316,0.6974226695510479
8,0.662338137626648,0.7437952710061269,0.6872135439392617
10,0.6608099937438965,0.7633789925752779,0.2892349589766023
