{
  "model": "dual_graph_temporal_attention",
  "n_cells": 642,
  "best_k": 3,
  "best_silhouette": 0.8232423663139343,
  "best_dbi": 0.5791114458971097,
  "best_intra_inter": 2.31847719743911,
  "spearman_profile_rho": 0.09001075475192086,
  "spearman_profile_pval": 0.0
}