k,silhouette,dbi,intra_inter_ratio
3,0.7422780394554138,0.4763940152938535,9.095019789262627
4,0.706661581993103,0.5793831791172626,7.282687298649668
5,0.6482307314872742,0.6930320690982885,7.168397481938401
6,0.6310555934906006,0.7373124286741156,5.559916668363158
7,0.6455705761909485,0.6612227887206552,5.267311968776541
8,0.6191460490226746,0.6669635614760858,2.393546326102906
10,0.5761643648147583,0.6631189742191477,2.3815448872222533
