{
  "model": "dual_graph",
  "n_cells": 642,
  "best_k": 3,
  "best_silhouette": 0.7422780394554138,
  "best_dbi": 0.4763940152938535,
  "best_intra_inter": 9.095019789262627,
  "spearman_profile_rho": 0.17471026339996715,
  "spearman_profile_pval": 0.0
}