k,silhouette,dbi,intra_inter_ratio
5,0.789121687412262,0.5012359856617832,0.6517728468994703
