k,silhouette,dbi,intra_inter_ratio
5,0.13683480024337769,2.063282048565923,5.356701342767337
