{
  "model": "trip2vec",
  "n_cells": 642,
  "best_k": 5,
  "best_intra_inter": 5.356701342767337,
  "silhouette_at_best_k": 0.13683480024337769,
  "dbi_at_best_k": 2.063282048565923,
  "spearman_profile_rho": 0.4131692495266844,
  "spearman_profile_pval": 0.0
}